id,name,prop,spf
1601,Intralagoonpatchreefcomplexreefflat,0.1,100
1603,Intralagoonpatchreefcomplexsubtidalreefflat,0.1,100
1604,Intraseaspatchreefcomplexchannel,0.1,100
1605,Intraseaspatchreefcomplexenclosedbasin,0.1,100
1608,Intraseaspatchreefcomplexforereef,0.1,100
1610,Intraseaspatchreefcomplexreefflat,0.1,100
1611,Intraseaspatchreefcomplexshallowterrace,0.1,100
1612,Intraseaspatchreefcomplexsubtidalreefflat,0.1,100
1613,Shelfpatchreefcomplexdeepterrace,0.1,100
1618,Shelfpatchreefcomplexsubtidalreefflat,0.1,100
1625,BarrierFringingReefComplexreefflat,0.1,100
1626,BarrierFringingReefComplexshallowterrace,0.1,100
1629,Diffusefringingdiffusefringing,0.1,100
1630,Fringingofbarrierfringingcomplexshallowterrace,0.1,100
1632,Intraseasexposedfringingenclosedlagoonorbasins,0.1,100
1634,Intraseasexposedfringingreefflat,0.1,100
1635,Intraseasexposedfringingshallowterrace,0.1,100
1636,Lagoonexposedfringingforereef,0.1,100
1637,Lagoonexposedfringingreefflat,0.1,100
1643,Oceanexposedfringingreefflat,0.1,100
1652,FaroBarrierReefComplexforereef,0.1,100
1653,OuterBarrierReefComplexbarrierreefpinnaclepatch,0.1,100
1655,OuterBarrierReefComplexforereef,0.1,100
1657,OuterBarrierReefComplexreefflat,0.1,100
1658,OuterBarrierReefComplexsubtidalreefflat,0.1,100
1670,GeneralizedPatch,0.1,100
1672,GeneralizedFringing,0.1,100
1673,GeneralizedBarrier,0.1,100
2600,Coastalfringingpatchreefflat,0.1,100
2601,Intralagoonpatchreefcomplexreefflat,0.1,100
2603,Intralagoonpatchreefcomplexsubtidalreefflat,0.1,100
2605,Intraseaspatchreefcomplexenclosedbasin,0.1,100
2606,Intraseaspatchreefcomplexfaroenclosedlagoon,0.1,100
2607,Intraseaspatchreefcomplexfaroreefflat,0.1,100
2608,Intraseaspatchreefcomplexforereef,0.1,100
2609,Intraseaspatchreefcomplexhaasubtidalreefflat,0.1,100
2610,Intraseaspatchreefcomplexreefflat,0.1,100
2612,Intraseaspatchreefcomplexsubtidalreefflat,0.1,100
2614,Shelfpatchreefcomplexenclosedbasin,0.1,100
2615,Shelfpatchreefcomplexforereef,0.1,100
2616,Shelfpatchreefcomplexreefflat,0.1,100
2618,Shelfpatchreefcomplexsubtidalreefflat,0.1,100
2619,Continentallagoondeeplagoon,0.1,100
2621,Islandlagoondeeplagoon,0.1,100
2627,Bayexposedfringingbayexposedfringing,0.1,100
2628,Coastalfringingpatchforereef,0.1,100
2629,Diffusefringingdiffusefringing,0.1,100
2631,Fringingofcoastalbarriercomplexdiffusefringing,0.1,100
2632,Intraseasexposedfringingenclosedlagoonorbasins,0.1,100
2633,Intraseasexposedfringingforereef,0.1,100
2634,Intraseasexposedfringingreefflat,0.1,100
2635,Intraseasexposedfringingshallowterrace,0.1,100
2637,Lagoonexposedfringingreefflat,0.1,100
2638,Lagoonexposedfringingshallowterrace,0.1,100
2645,CoastalBarrierReefComplexenclosedbasin,0.1,100
2646,CoastalBarrierReefComplexenclosedlagoon,0.1,100
2647,CoastalBarrierReefComplexforereef,0.1,100
2648,CoastalBarrierReefComplexpass,0.1,100
2649,CoastalBarrierReefComplexreefflat,0.1,100
2650,CoastalBarrierReefComplexshallowterrace,0.1,100
2651,CoastalBarrierReefComplexshallowterracewithconstructions,0.1,100
2654,OuterBarrierReefComplexenclosedbasin,0.1,100
2655,OuterBarrierReefComplexforereef,0.1,100
2656,OuterBarrierReefComplexpass,0.1,100
2657,OuterBarrierReefComplexreefflat,0.1,100
2658,OuterBarrierReefComplexsubtidalreefflat,0.1,100
2670,GeneralizedPatch,0.1,100
2671,GeneralizedLagoon,0.1,100
2672,GeneralizedFringing,0.1,100
2673,GeneralizedBarrier,0.1,100
3601,Intralagoonpatchreefcomplexreefflat,0.1,100
3602,Intralagoonpatchreefcomplexshallowterrace,0.1,100
3608,Intraseaspatchreefcomplexforereef,0.1,100
3610,Intraseaspatchreefcomplexreefflat,0.1,100
3612,Intraseaspatchreefcomplexsubtidalreefflat,0.1,100
3615,Shelfpatchreefcomplexforereef,0.1,100
3616,Shelfpatchreefcomplexreefflat,0.1,100
3617,Shelfpatchreefcomplexshallowterrace,0.1,100
3620,Continentallagoonshallowlagoonwithconstructions,0.1,100
3621,Islandlagoondeeplagoon,0.1,100
3622,BarrierFringingReefComplexenclosedbasin,0.1,100
3623,BarrierFringingReefComplexforereef,0.1,100
3625,BarrierFringingReefComplexreefflat,0.1,100
3626,BarrierFringingReefComplexshallowterrace,0.1,100
3629,Diffusefringingdiffusefringing,0.1,100
3633,Intraseasexposedfringingforereef,0.1,100
3634,Intraseasexposedfringingreefflat,0.1,100
3635,Intraseasexposedfringingshallowterrace,0.1,100
3637,Lagoonexposedfringingreefflat,0.1,100
3638,Lagoonexposedfringingshallowterrace,0.1,100
3641,Oceanexposedfringingenclosedlagoonorbasin,0.1,100
3642,Oceanexposedfringingforereef,0.1,100
3643,Oceanexposedfringingreefflat,0.1,100
3647,CoastalBarrierReefComplexforereef,0.1,100
3649,CoastalBarrierReefComplexreefflat,0.1,100
3656,OuterBarrierReefComplexpass,0.1,100
3658,OuterBarrierReefComplexsubtidalreefflat,0.1,100
3670,GeneralizedPatch,0.1,100
3671,GeneralizedLagoon,0.1,100
3672,GeneralizedFringing,0.1,100
3673,GeneralizedBarrier,0.1,100
4601,Intralagoonpatchreefcomplexreefflat,0.1,100
4608,Intraseaspatchreefcomplexforereef,0.1,100
4610,Intraseaspatchreefcomplexreefflat,0.1,100
4612,Intraseaspatchreefcomplexsubtidalreefflat,0.1,100
4614,Shelfpatchreefcomplexenclosedbasin,0.1,100
4615,Shelfpatchreefcomplexforereef,0.1,100
4616,Shelfpatchreefcomplexreefflat,0.1,100
4618,Shelfpatchreefcomplexsubtidalreefflat,0.1,100
4619,Continentallagoondeeplagoon,0.1,100
4622,BarrierFringingReefComplexenclosedbasin,0.1,100
4624,BarrierFringingReefComplexpass,0.1,100
4625,BarrierFringingReefComplexreefflat,0.1,100
4626,BarrierFringingReefComplexshallowterrace,0.1,100
4629,Diffusefringingdiffusefringing,0.1,100
4633,Intraseasexposedfringingforereef,0.1,100
4634,Intraseasexposedfringingreefflat,0.1,100
4635,Intraseasexposedfringingshallowterrace,0.1,100
4637,Lagoonexposedfringingreefflat,0.1,100
4638,Lagoonexposedfringingshallowterrace,0.1,100
4639,Oceanexposedfringingchannel,0.1,100
4640,Oceanexposedfringingdeepterrace,0.1,100
4641,Oceanexposedfringingenclosedlagoonorbasin,0.1,100
4642,Oceanexposedfringingforereef,0.1,100
4643,Oceanexposedfringingreefflat,0.1,100
4644,Oceanexposedfringingshallowterrace,0.1,100
4655,OuterBarrierReefComplexforereef,0.1,100
4656,OuterBarrierReefComplexpass,0.1,100
4657,OuterBarrierReefComplexreefflat,0.1,100
4670,GeneralizedPatch,0.1,100
4671,GeneralizedLagoon,0.1,100
4672,GeneralizedFringing,0.1,100
4673,GeneralizedBarrier,0.1,100
1000000,random,0,100
1000001,StatelandGovtland,0,100
1000002,BeetleNutFarm,0,100
1000003,CashCropCoffee,0,100
1000004,Cashcropscocoa,0,100
1000005,Cashcropscoconut,0,100
1000006,CashcropsVanilla,0,100
1000007,CattlefarmPigfarmChickenfarm,0,100
1000008,Fishfarmpond,0,100
1000009,FruitandVeggiefarming,0,100
1000010,Introducedcrops,0,100
1000012,OilPalmexisting,0,100
1000013,OilPlamproposed,0,100
1000014,Researchsites,0.9,100
1000015,Commercialfloriculture,0,100
1000016,Spiceagriculturalactivity,0,100
1000017,Rubberplantationproposed,0,100
1000022,Seagrassbeds,0.3,100
1000023,Shellsmangroves,0.3,100
1000024,Mangroves,0.3,100
1000025,ConservationAreaMarine,0.5,100
1000026,ConservationAreaMarineproposed,0.5,100
1000027,ConservationAreaTerrestrial,0.5,100
1000028,ConservationAreaTerrestrialproposed,0.5,100
1000029,WildlifeMngtAreaWMA,0.5,100
1000031,Cemetary,0,100
1000032,SacredSitesPlesTambu,0,100
1000033,WWIIsites,0,100
1000034,ShellTabuMoney,0,100
1000035,Disasteraffectedarea,0,100
1000036,Floodways,0,100
1000037,Resettlementareafromnaturaldisaster,0,100
1000038,Guesthouse,0,100
1000040,Touristtracks,0.5,100
1000041,Tourismcoralreefs,0.5,100
1000042,Tourismforest,0.5,100
1000045,FishAggregationDeviseFADs,0.5,100
1000046,Fishingzonefreshwater,0,100
1000047,Fishingzonesmarine,0,100
1000048,HuntingZone,0,100
1000049,Megapodeeggs,0,100
1000050,Nontimberbuildingmaterialforest,0,100
1000051,Forestvirginuntouched,0.5,100
1000052,Balsawoodlots,0,100
1000053,Bambooforest,0,100
1000054,CertifiedCommunityForest,0.3,100
1000055,Forestplanationreforestation,0.3,100
1000055,Forestplanationreforestation,0.3,100
1000056,Loggingcurrent,0,100
1000057,LoggingexpiredTRPFMA,0,100
1000058,LoggingproposedTRPFMA,0,100
1000060,Reforestationproposed,0.3,100
1000061,IndustrialArea,0,100
1000062,Powerstationexisting,0,100
1000063,Solarpowerplantproposed,0,100
1000064,Hydroelectricpowerproposed,0,100
1000065,Reservoirwatersupply,0,100
1000067,Roadsproposed,0,100
1000068,Digicelltower,0,100
1000070,Markets,0,100
1000071,Fishmarket,0,100
1000072,Jettiesexisting,0,100
1000073,Jettiesproposed,0,100
1000074,Wharfexisting,0,100
1000075,Wharfproposed,0,100
1000076,ResourceCentreexisting,0,100
1000077,ResourceCentreproposed,0,100
1000078,BiologicalResearchStaion,0.5,100
1000079,Miningcurrent,0,100
1000080,Miningproposed,0,100
1000081,MiningLimestoneproposed,0,100
1000082,Miningsmallscalealluvial,0,100
1000084,Fishnontunaoffshore,0,100
1000086,Bechedemerreef,0,100
1000088,Clams,0,100
1000089,MissionStations,0,100
1000090,Villagesmissingnameslocation,0,100
1000092,Freshwaterlake,0.7,100
1000093,Hotspring,0.3,100
1000096,Volcano,0,100
1000098,Caves,0.3,100
1000101,Churchland,0.3,100
1000102,PandanusKaruka,0.3,100
1000103,PandanusMarita,0.3,100
1000104,Sagopalmareaswamp,0.3,100
1000106,Turtlenestingbeachmarine,0.5,100
1000107,BirdSanctuary,0.5,100
1000108,Cassowaryhabitat,0.5,100
1000109,CusCushabitat,0.5,100
1000110,Dugonghabitat,0.5,100
1000111,Crocodilebreedinggrounds,0.5,100
1000301,BarAlluvialPlains,0.17,100
1000302,CompositeAlluvialPlains,0.17,100
1000303,TerraceAlluvialPlains,0.17,100
1000305,CoastalBeachSandFlats,0.17,100
1000306,CoastalCoralFlats,0.17,100
1000307,MangrovesFlats,0.17,100
1000308,CoastalplainswithLongterminundated,0.17,100
1000309,CoastalplainswithNofloodingorinundation,0.17,100
1000314,LimestoneFoothillswithSlope20,0.17,100
1000315,LimestoneFoothillswithSlope20,0.17,100
1000316,LimestoneFoothillswithSlope1020,0.17,100
1000317,LimestoneFoothillswithSlope25,0.17,100
1000318,LimestoneFoothillswithSlope510,0.17,100
1000319,OtherFoothillswithSlope2,0.17,100
1000320,OtherFoothillswithSlope20,0.17,100
1000321,OtherFoothillswithSlope1020,0.17,100
1000322,OtherFoothillswithSlope25,0.17,100
1000323,OtherFoothillswithSlope510,0.17,100
1000324,VolcanicFoothillswithSlope2,0.17,100
1000325,VolcanicFoothillswithSlope20,0.17,100
1000326,VolcanicFoothillswithSlope1020,0.17,100
1000327,VolcanicFoothillswithSlope25,0.17,100
1000328,VolcanicFoothillswithSlope510,0.17,100
1000331,LimestoneRidgeswithSlope2,0.17,100
1000332,LimestoneRidgeswithSlope20,0.17,100
1000333,LimestoneRidgeswithSlope1020,0.17,100
1000334,LimestoneRidgeswithSlope25,0.17,100
1000335,LimestoneRidgeswithSlope510,0.17,100
1000336,OtherRidgeswithSlope20,0.17,100
1000337,OtherRidgeswithSlope1020,0.17,100
1000338,OtherRidgeswithSlope510,0.17,100
1000339,LeveeplainRiverValleys,0.17,100
1000340,VolcanicRidgeswithSlope20,0.17,100
1000341,VolcanicRidgeswithSlope1020,0.17,100
1000343,VolcanicRidgeswithSlope510,0.17,100
1000401,Platymantisbufonulus,0.5,100
1000402,Platymantiscaesiops,0.5,100
1000403,Platymantismamusiorum,0.5,100
1000404,Platymantisnakanaiorum,0.5,100
1000405,Platymantissulcatus,0.5,100
1000500,climref,0.05,100
1000701,Bare0,0,100
1000702,Cultivatedland0,0,100
1000704,ForestLargecrownLowAltPlains1000m0,0,100
1000706,ForestMediumCrownLowAltUplands1000m0,0,100
1000708,ForestOpenLowAltPlains1000m0,0,100
1000709,ForestSmallCrown0,0,100
1000711,ForestSmallCrownLowAltUplands1000m0,0,100
1000714,ForestSmallCrownLowMontane1000m0,0,100
1000716,ForestSmallCrownLowMontane1000mwNothofag0,0,100
1000717,ForestVerySmallCrownLowMontane1000m0,0,100
1000719,ForestVerySmallCrownLowMontane1000mNotho0,0,100
1000726,Grasslands0,0,100
1000727,Herbaceousswamp0,0,100
1000728,Lakesandlargerrivers0,0,100
1000729,Landuse040,0,100
1000730,Mangrove0,0,100
1000732,Mixedforest0,0,100
1000735,Riverinesuccessionsdominatedbygrass0,0,100
1000739,RiverinesuccessionswithEucalyptusdeglupta0,0,100
1000752,Swampgrassland0,0,100
1000753,Swampwoodland0,0,100
1000756,TimberPlantation0,0,100
1000757,Urban0,0,100
1000759,Volcanicsuccessionsdominatedbyscrub0,0,100
1000765,Cultivatedland20,0,100
1000766,ForestLargecrownLowAltPlains1000m20,0,100
1000768,ForestMediumCrownLowAltUplands1000m20,0,100
1000781,ForestLargecrownLowAltPlains1000m40,0,100
1000782,ForestMediumCrownLowAltUplands1000m40,0,100
1000784,ForestOpenLowAltPlains1000m40,0,100
1000786,ForestSmallCrownLowMontane1000m40,0,100
1000787,ForestVerySmallCrownLowMontane1000m40,0,100
1000788,RiverinesuccessionswithEucalyptusdeglupta40,0,100
1000792,Bare10,0,100
1000793,Cultivatedland50,0,100
1000795,ForestLargecrownLowAltPlains1000m50,0.34,100
1000796,ForestLargeCrownLowAltUplands1000m50,0.34,100
1000797,ForestMediumCrownLowAltUplands1000m50,0.34,100
1000799,ForestOpenLowAltPlains1000m50,0.34,100
1000800,ForestSmallCrown50,0.34,100
1000802,ForestSmallCrownLowAltUplands1000m50,0.34,100
1000805,ForestSmallCrownLowMontane1000m50,0.34,100
1000807,ForestSmallCrownLowMontane1000mwNothofag50,0.34,100
1000808,ForestVerySmallCrownLowMontane1000m50,0.34,100
1000810,ForestVerySmallCrownLowMontane1000mNotho50,0.34,100
1000817,Grasslands50,0.34,100
1000818,Herbaceousswamp50,0.34,100
1000819,Lakesandlargerrivers50,0.34,100
1000820,Landuse0450,0,100
1000821,Mangrove50,0.34,100
1000823,Mixedforest50,0.34,100
1000826,Riverinesuccessionsdominatedbygrass50,0.34,100
1000830,RiverinesuccessionswithEucalyptusdeglupta50,0.34,100
1000843,Swampgrassland50,0.34,100
1000844,Swampwoodland50,0.34,100
1000847,TimberPlantation50,0,100
1000848,Urban50,0,100
1000850,Volcanicsuccessionsdominatedbyscrub50,0.34,100
1000859,ForestLargecrownLowAltPlains1000m80,0.34,100
1000861,ForestMediumCrownLowAltUplands1000m80,0.34,100
1000863,ForestOpenLowAltPlains1000m80,0.34,100
1000876,Mixedforest80,0.34,100
1000879,RiverinesuccessionswithEucalyptusdeglupta80,0.34,100
1000890,ForestLargecrownLowAltPlains1000m90,0.34,100
1000892,ForestMediumCrownLowAltUplands1000m90,0.34,100
1000911,Cultivatedland100,0,100
1000913,ForestLargecrownLowAltPlains1000m100,0.34,100
1000914,ForestLargeCrownLowAltUplands1000m100,0.34,100
1000915,ForestMediumCrownLowAltUplands1000m100,0.34,100
1000917,ForestOpenLowAltPlains1000m100,0.34,100
1000918,ForestSmallCrown100,0.34,100
1000920,ForestSmallCrownLowAltUplands1000m100,0.34,100
1000923,ForestSmallCrownLowMontane1000m100,0.34,100
1000925,ForestSmallCrownLowMontane1000mwNothofag100,0.34,100
1000926,ForestVerySmallCrownLowMontane1000m100,0.34,100
1000928,ForestVerySmallCrownLowMontane1000mNotho100,0.34,100
1000935,Grasslands100,0.34,100
1000936,Herbaceousswamp100,0.34,100
1000937,Lakesandlargerrivers100,0.34,100
1000938,Mangrove100,0.34,100
1000940,Mixedforest100,0.34,100
1000943,Riverinesuccessionsdominatedbygrass100,0.34,100
1000947,RiverinesuccessionswithEucalyptusdeglupta100,0.34,100
1000952,Scrub100,0.34,100
1000953,SeralForestVolcanicsuccessions100,0.34,100
1000960,Swampgrassland100,0.34,100
1000961,Swampwoodland100,0.34,100
1000964,TimberPlantation100,0,100
1000967,Volcanicsuccessionsdominatedbyscrub100,0.34,100
1000969,Woodland100,0.34,100
2000002,BeetleNutFarm,0,100
2000003,CashCropCoffee,0,100
2000004,Cashcropscocoa,0,100
2000005,Cashcropscoconut,0,100
2000006,CashcropsVanilla,0,100
2000007,CattlefarmPigfarmChickenfarm,0,100
2000008,Fishfarmpond,0,100
2000009,FruitandVeggiefarming,0,100
2000010,Introducedcrops,0,100
2000012,OilPalmexisting,0,100
2000013,OilPlamproposed,0,100
2000014,Researchsites,0.9,100
2000015,Commercialfloriculture,0,100
2000016,Spiceagriculturalactivity,0,100
2000021,Uniqueorchidspecies,0.5,100
2000022,Seagrassbeds,0.3,100
2000023,Shellsmangroves,0.3,100
2000024,Mangroves,0.3,100
2000025,ConservationAreaMarine,0.5,100
2000026,ConservationAreaMarineproposed,0.5,100
2000027,ConservationAreaTerrestrial,0.5,100
2000028,ConservationAreaTerrestrialproposed,0.5,100
2000029,WildlifeMngtAreaWMA,0.5,100
2000031,Cemetary,0,100
2000032,SacredSitesPlesTambu,0,100
2000033,WWIIsites,0,100
2000034,ShellTabuMoney,0,100
2000035,Disasteraffectedarea,0,100
2000036,Floodways,0,100
2000037,Resettlementareafromnaturaldisaster,0,100
2000038,Guesthouse,0,100
2000039,Surfingsite,0,100
2000040,Touristtracks,0.5,100
2000041,Tourismcoralreefs,0.5,100
2000042,Tourismforest,0.5,100
2000043,Gamefishingsite,0.5,100
2000046,Fishingzonefreshwater,0,100
2000047,Fishingzonesmarine,0,100
2000048,HuntingZone,0,100
2000049,Megapodeeggs,0,100
2000050,Nontimberbuildingmaterialforest,0,100
2000051,Forestvirginuntouched,0.5,100
2000052,Balsawoodlots,0,100
2000053,Bambooforest,0,100
2000055,Forestplanationreforestation,0.3,100
2000055,Forestplanationreforestation,0.3,100
2000056,Loggingcurrent,0,100
2000057,LoggingexpiredTRPFMA,0,100
2000060,Reforestationproposed,0.3,100
2000062,Powerstationexisting,0,100
2000063,Solarpowerplantproposed,0,100
2000064,Hydroelectricpowerproposed,0,100
2000065,Reservoirwatersupply,0,100
2000067,Roadsproposed,0,100
2000068,Digicelltower,0,100
2000070,Markets,0,100
2000071,Fishmarket,0,100
2000072,Jettiesexisting,0,100
2000073,Jettiesproposed,0,100
2000074,Wharfexisting,0,100
2000075,Wharfproposed,0,100
2000076,ResourceCentreexisting,0,100
2000077,ResourceCentreproposed,0,100
2000078,BiologicalResearchStaion,0.5,100
2000079,Miningcurrent,0,100
2000080,Miningproposed,0,100
2000082,Miningsmallscalealluvial,0,100
2000085,Tuna,0.5,100
2000086,Bechedemerreef,0,100
2000088,Clams,0,100
2000089,MissionStations,0,100
2000090,Villagesmissingnameslocation,0,100
2000092,Freshwaterlake,0.7,100
2000093,Hotspring,0.3,100
2000095,Waterfall,0.3,100
2000096,Volcano,0,100
2000098,Caves,0.3,100
2000101,Churchland,0,100
2000102,PandanusKaruka,0.3,100
2000103,PandanusMarita,0.3,100
2000104,Sagopalmareaswamp,0.3,100
2000106,Turtlenestingbeachmarine,0.5,100
2000107,BirdSanctuary,0.5,100
2000108,Cassowaryhabitat,0.5,100
2000109,CusCushabitat,0.5,100
2000110,Dugonghabitat,0.5,100
2000111,Crocodilebreedinggrounds,0.5,100
2000113,Dolphins,0.5,100
2000302,CompositeAlluvialPlains,0.17,100
2000304,UndifferentiatedAlluvialPlains,0.17,100
2000305,CoastalBeachSandFlats,0.17,100
2000306,CoastalCoralFlats,0.17,100
2000307,MangrovesFlats,0.17,100
2000309,CoastalplainswithNofloodingorinundation,0.17,100
2000311,AcidIgneousFoothillswithSlope1020,0.17,100
2000312,AcidIgneousFoothillswithSlope25,0.17,100
2000313,AcidIgneousFoothillswithSlope510,0.17,100
2000314,LimestoneFoothillswithSlope20,0.17,100
2000315,LimestoneFoothillswithSlope20,0.17,100
2000316,LimestoneFoothillswithSlope1020,0.17,100
2000317,LimestoneFoothillswithSlope25,0.17,100
2000318,LimestoneFoothillswithSlope510,0.17,100
2000319,OtherFoothillswithSlope2,0.17,100
2000320,OtherFoothillswithSlope20,0.17,100
2000321,OtherFoothillswithSlope1020,0.17,100
2000322,OtherFoothillswithSlope25,0.17,100
2000323,OtherFoothillswithSlope510,0.17,100
2000324,VolcanicFoothillswithSlope2,0.17,100
2000325,VolcanicFoothillswithSlope20,0.17,100
2000326,VolcanicFoothillswithSlope1020,0.17,100
2000327,VolcanicFoothillswithSlope25,0.17,100
2000328,VolcanicFoothillswithSlope510,0.17,100
2000329,random,0.17,100
2000330,Lakes,0.17,100
2000332,LimestoneRidgeswithSlope20,0.17,100
2000333,LimestoneRidgeswithSlope1020,0.17,100
2000334,LimestoneRidgeswithSlope25,0.17,100
2000335,LimestoneRidgeswithSlope510,0.17,100
2000336,OtherRidgeswithSlope20,0.17,100
2000337,OtherRidgeswithSlope1020,0.17,100
2000339,LeveeplainRiverValleys,0.17,100
2000340,VolcanicRidgeswithSlope20,0.17,100
2000341,VolcanicRidgeswithSlope1020,0.17,100
2000342,VolcanicRidgeswithSlope25,0.17,100
2000343,VolcanicRidgeswithSlope510,0.17,100
2000344,UndifferentiatedWetlands,0.17,100
2000345,WetlandswithBackswamps,0.17,100
2000403,Platymantismamusiorum,0.5,100
2000404,Platymantisnakanaiorum,0.5,100
2000500,climref,0.05,100
2000701,Bare0,0,100
2000702,Cultivatedland0,0,100
2000704,ForestLargecrownLowAltPlains1000m0,0,100
2000705,ForestLargeCrownLowAltUplands1000m0,0,100
2000706,ForestMediumCrownLowAltUplands1000m0,0,100
2000708,ForestOpenLowAltPlains1000m0,0,100
2000709,ForestSmallCrown0,0,100
2000710,ForestSmallCrownLowAltPlains1000m0,0,100
2000711,ForestSmallCrownLowAltUplands1000m0,0,100
2000714,ForestSmallCrownLowMontane1000m0,0,100
2000716,ForestSmallCrownLowMontane1000mwNothofag0,0,100
2000717,ForestVerySmallCrownLowMontane1000m0,0,100
2000719,ForestVerySmallCrownLowMontane1000mNotho0,0,100
2000722,ForestwithCasuarinaequisetifoliaLittoral0,0,100
2000724,Grasslandrevertingtoforest0,0,100
2000725,Grasslandwithsomeforest0,0,100
2000726,Grasslands0,0,100
2000727,Herbaceousswamp0,0,100
2000728,Lakesandlargerrivers0,0,100
2000729,Landuse040,0,100
2000730,Mangrove0,0,100
2000732,Mixedforest0,0,100
2000733,Oilpalm0,0,100
2000736,Riverinesuccessionsdominatedbywoodland0,0,100
2000739,RiverinesuccessionswithEucalyptusdeglupta0,0,100
2000744,Scrub0,0,100
2000745,SeralForestVolcanicsuccessions0,0,100
2000747,Swamp0,0,100
2000749,SwampforestwithCampnosperma0,0,100
2000752,Swampgrassland0,0,100
2000753,Swampwoodland0,0,100
2000756,TimberPlantation0,0,100
2000757,Urban0,0,100
2000758,Volcanicsuccessionsdominatedbygrass0,0,100
2000759,Volcanicsuccessionsdominatedbyscrub0,0,100
2000760,Volcanicsuccessionsdominatedbywoodland0,0,100
2000762,ForestMediumCrownLowAltUplands1000m10,0,100
2000763,Oilpalm10,0,100
2000764,Bare10,0,100
2000766,ForestLargecrownLowAltPlains1000m20,0,100
2000767,ForestLargeCrownLowAltUplands1000m20,0,100
2000774,Oilpalm20,0,100
2000781,ForestLargecrownLowAltPlains1000m40,0,100
2000782,ForestMediumCrownLowAltUplands1000m40,0,100
2000784,ForestOpenLowAltPlains1000m40,0,100
2000791,TimberPlantation40,0,100
2000792,Bare10,0,100
2000793,Cultivatedland50,0,100
2000795,ForestLargecrownLowAltPlains1000m50,0.34,100
2000796,ForestLargeCrownLowAltUplands1000m50,0.34,100
2000797,ForestMediumCrownLowAltUplands1000m50,0.34,100
2000799,ForestOpenLowAltPlains1000m50,0.34,100
2000800,ForestSmallCrown50,0.34,100
2000801,ForestSmallCrownLowAltPlains1000m50,0.34,100
2000802,ForestSmallCrownLowAltUplands1000m50,0.34,100
2000805,ForestSmallCrownLowMontane1000m50,0.34,100
2000807,ForestSmallCrownLowMontane1000mwNothofag50,0.34,100
2000808,ForestVerySmallCrownLowMontane1000m50,0.34,100
2000810,ForestVerySmallCrownLowMontane1000mNotho50,0.34,100
2000815,Grasslandrevertingtoforest50,0.34,100
2000816,Grasslandwithsomeforest50,0.34,100
2000817,Grasslands50,0.34,100
2000818,Herbaceousswamp50,0.34,100
2000819,Lakesandlargerrivers50,0.34,100
2000820,Landuse0450,0,100
2000821,Mangrove50,0.34,100
2000823,Mixedforest50,0.34,100
2000824,Oilpalm50,0,100
2000830,RiverinesuccessionswithEucalyptusdeglupta50,0.34,100
2000836,SeralForestVolcanicsuccessions50,0.34,100
2000838,Swamp50,0.34,100
2000840,SwampforestwithCampnosperma50,0.34,100
2000843,Swampgrassland50,0.34,100
2000844,Swampwoodland50,0.34,100
2000847,TimberPlantation50,0,100
2000848,Urban50,0,100
2000849,Volcanicsuccessionsdominatedbygrass50,0.34,100
2000850,Volcanicsuccessionsdominatedbyscrub50,0.34,100
2000851,Volcanicsuccessionsdominatedbywoodland50,0.34,100
2000857,Cultivatedland80,0,100
2000859,ForestLargecrownLowAltPlains1000m80,0.34,100
2000860,ForestLargeCrownLowAltUplands1000m80,0.34,100
2000861,ForestMediumCrownLowAltUplands1000m80,0.34,100
2000863,ForestOpenLowAltPlains1000m80,0.34,100
2000866,ForestSmallCrownLowAltUplands1000m80,0.34,100
2000877,Oilpalm80,0,100
2000879,RiverinesuccessionswithEucalyptusdeglupta80,0.34,100
2000890,ForestLargecrownLowAltPlains1000m90,0.34,100
2000891,ForestLargeCrownLowAltUplands1000m90,0.34,100
2000892,ForestMediumCrownLowAltUplands1000m90,0.34,100
2000894,ForestOpenLowAltPlains1000m90,0.34,100
2000896,ForestSmallCrownLowAltUplands1000m90,0.34,100
2000904,Oilpalm90,0,100
2000905,RiverinesuccessionswithEucalyptusdeglupta90,0.34,100
2000911,Cultivatedland100,0,100
2000913,ForestLargecrownLowAltPlains1000m100,0.34,100
2000914,ForestLargeCrownLowAltUplands1000m100,0.34,100
2000915,ForestMediumCrownLowAltUplands1000m100,0.34,100
2000917,ForestOpenLowAltPlains1000m100,0.34,100
2000918,ForestSmallCrown100,0.34,100
2000919,ForestSmallCrownLowAltPlains1000m100,0.34,100
2000920,ForestSmallCrownLowAltUplands1000m100,0.34,100
2000923,ForestSmallCrownLowMontane1000m100,0.34,100
2000925,ForestSmallCrownLowMontane1000mwNothofag100,0.34,100
2000926,ForestVerySmallCrownLowMontane1000m100,0.34,100
2000928,ForestVerySmallCrownLowMontane1000mNotho100,0.34,100
2000931,ForestwithCasuarinaequisetifoliaLittoral100,0.34,100
2000933,Grasslandrevertingtoforest100,0.34,100
2000934,Grasslandwithsomeforest100,0.34,100
2000935,Grasslands100,0.34,100
2000936,Herbaceousswamp100,0.34,100
2000937,Lakesandlargerrivers100,0.34,100
2000938,Mangrove100,0.34,100
2000940,Mixedforest100,0.34,100
2000941,Oilpalm100,0,100
2000944,Riverinesuccessionsdominatedbywoodland100,0.34,100
2000947,RiverinesuccessionswithEucalyptusdeglupta100,0.34,100
2000952,Scrub100,0.34,100
2000953,SeralForestVolcanicsuccessions100,0.34,100
2000955,Swamp100,0.34,100
2000957,SwampforestwithCampnosperma100,0.34,100
2000960,Swampgrassland100,0.34,100
2000961,Swampwoodland100,0.34,100
2000964,TimberPlantation100,0.34,100
2000965,Urban100,0,100
2000966,Volcanicsuccessionsdominatedbygrass100,0.34,100
2000967,Volcanicsuccessionsdominatedbyscrub100,0.34,100
2000968,Volcanicsuccessionsdominatedbywoodland100,0.34,100
